{
    "name": "root",
    "leaf": false,
    "data": [
        {
            "name": "Растворимый",
            "leaf": true,
            "data": [
                {
                    "id": 24,
                    "name": "Сублимированный чай Lord Nelson персик",
                    "form": 1,
                    "flavor": true,
                    "temp_lo": 0,
                    "temp_hi": 95,
                    "prep_time": 90,
                    "ingridients": [
                        "экстракт сока персика",
                        "экстракт черного чая"
                    ],
                    "tastes": [
                        "персик"
                    ]
                },
                {
                    "id": 25,
                    "name": "Шиповник 'Бабушкин хуторок'",
                    "form": 1,
                    "flavor": false,
                    "temp_lo": 0,
                    "temp_hi": 60,
                    "prep_time": 45,
                    "ingridients": [
                        "экстракт шиповника"
                    ],
                    "tastes": [
                        "барбарис",
                        "земляника"
                    ]
                }
            ]
        },
        {
            "name": "Заварной",
            "leaf": false,
            "data": [
                {
                    "name": "Травяной",
                    "leaf": true,
                    "data": [
                        {
                            "id": 21,
                            "name": "Травяной сбор 'Пряный'",
                            "form": 1,
                            "flavor": false,
                            "temp_lo": 80,
                            "temp_hi": 90,
                            "prep_time": 370,
                            "ingridients": [
                                "чёрный чай",
                                "каркаде",
                                "гвоздика"
                            ],
                            "tastes": [
                                "острый",
                                "пряный"
                            ]
                        },
                        {
                            "id": 22,
                            "name": "Саган Дайля",
                            "form": 1,
                            "flavor": false,
                            "temp_lo": 80,
                            "temp_hi": 90,
                            "prep_time": 370,
                            "ingridients": [
                                "рододендрон адамса"
                            ],
                            "tastes": [
                                "эвкалипт",
                                "чабрец",
                                "барбарис"
                            ]
                        },
                        {
                            "id": 23,
                            "name": "Травяной сбор 'Дзен'",
                            "form": 1,
                            "flavor": false,
                            "temp_lo": 85,
                            "temp_hi": 90,
                            "prep_time": 30,
                            "ingridients": [
                                "мята",
                                "чабрец",
                                "рябина",
                                "ромашка"
                            ],
                            "tastes": [
                                "пряный",
                                "ромашка",
                                "мята"
                            ]
                        }
                    ]
                },
                {
                    "name": "Чайный",
                    "leaf": false,
                    "data": [
                        {
                            "name": "Чёрный",
                            "leaf": true,
                            "data": [
                                {
                                    "id": 1,
                                    "name": "TESS Sunrise",
                                    "form": 2,
                                    "flavor": false,
                                    "temp_lo": 90,
                                    "temp_hi": 100,
                                    "prep_time": 150,
                                    "ingridients": [
                                        "цейлонский чай"
                                    ],
                                    "tastes": [
                                        "пряный",
                                        "крепкий"
                                    ]
                                },
                                {
                                    "id": 2,
                                    "name": "GREENFIELD Earl Grey Fantasy",
                                    "form": 2,
                                    "flavor": true,
                                    "temp_lo": 90,
                                    "temp_hi": 100,
                                    "prep_time": 150,
                                    "ingridients": [
                                        "цейлонский чай"
                                    ],
                                    "tastes": [
                                        "бергамот",
                                        "лимон"
                                    ]
                                },
                                {
                                    "id": 3,
                                    "name": "Saito Японское Утро",
                                    "form": 2,
                                    "flavor": false,
                                    "temp_lo": 90,
                                    "temp_hi": 100,
                                    "prep_time": 180,
                                    "ingridients": [
                                        "чёрный чай"
                                    ],
                                    "tastes": [
                                        "сухофрукты",
                                        "крепкий"
                                    ]
                                },
                                {
                                    "id": 4,
                                    "name": "Азерчай Букет",
                                    "form": 1,
                                    "flavor": false,
                                    "temp_lo": 90,
                                    "temp_hi": 100,
                                    "prep_time": 150,
                                    "ingridients": [
                                        "чёрный чай"
                                    ],
                                    "tastes": [
                                        "нежный",
                                        "терпкий"
                                    ]
                                },
                                {
                                    "id": 5,
                                    "name": "Ahmad Ceylon Tea",
                                    "form": 1,
                                    "flavor": false,
                                    "temp_lo": 90,
                                    "temp_hi": 100,
                                    "prep_time": 150,
                                    "ingridients": [
                                        "чёрный чай"
                                    ],
                                    "tastes": [
                                        "терпкий",
                                        "крепкий"
                                    ]
                                },
                                {
                                    "id": 6,
                                    "name": "Индийский чай со слоном",
                                    "form": 1,
                                    "flavor": false,
                                    "temp_lo": 90,
                                    "temp_hi": 100,
                                    "prep_time": 150,
                                    "ingridients": [
                                        "цейлонский чай"
                                    ],
                                    "tastes": [
                                        "терпкий"
                                    ]
                                }
                            ]
                        },
                        {
                            "name": "Зелёный",
                            "leaf": true,
                            "data": [
                                {
                                    "id": 7,
                                    "name": "Greenfield Green Melissa",
                                    "form": 2,
                                    "flavor": true,
                                    "temp_lo": 80,
                                    "temp_hi": 85,
                                    "prep_time": 600,
                                    "ingridients": [
                                        "зелёный чай",
                                        "мелисса",
                                        "мята"
                                    ],
                                    "tastes": [
                                        "терпкий",
                                        "мелисса",
                                        "лимон"
                                    ]
                                },
                                {
                                    "id": 8,
                                    "name": "Greenfield Jasmine Dream",
                                    "form": 2,
                                    "flavor": true,
                                    "temp_lo": 80,
                                    "temp_hi": 80,
                                    "prep_time": 380,
                                    "ingridients": [
                                        "зелёный чай",
                                        "жасмин"
                                    ],
                                    "tastes": [
                                        "терпкий",
                                        "жасмин"
                                    ]
                                },
                                {
                                    "id": 9,
                                    "name": "Конфуций с гинкго листовой",
                                    "form": 1,
                                    "flavor": false,
                                    "temp_lo": 95,
                                    "temp_hi": 95,
                                    "prep_time": 270,
                                    "ingridients": [
                                        "зелёный чай",
                                        "стевия",
                                        "лимонная трава"
                                    ],
                                    "tastes": [
                                        "освежающий",
                                        "сладковатый",
                                        "бархатистый"
                                    ]
                                },
                                {
                                    "id": 10,
                                    "name": "'Каждый День' с жасмином",
                                    "form": 1,
                                    "flavor": false,
                                    "temp_lo": 80,
                                    "temp_hi": 85,
                                    "prep_time": 360,
                                    "ingridients": [
                                        "зелёный чай"
                                    ],
                                    "tastes": [
                                        "освежающий"
                                    ]
                                }
                            ]
                        },
                        {
                            "name": "Жёлтый",
                            "leaf": true,
                            "data": [
                                {
                                    "id": 19,
                                    "name": "Лао Цзюньшань Иньчжэнь",
                                    "form": 1,
                                    "flavor": false,
                                    "temp_lo": 80,
                                    "temp_hi": 85,
                                    "prep_time": 120,
                                    "ingridients": [
                                        "чайная почка"
                                    ],
                                    "tastes": [
                                        "сладкий",
                                        "вяжущий",
                                        "мята"
                                    ]
                                },
                                {
                                    "id": 20,
                                    "name": "Хошань Хуан Я",
                                    "form": 1,
                                    "flavor": false,
                                    "temp_lo": 70,
                                    "temp_hi": 80,
                                    "prep_time": 15,
                                    "ingridients": [
                                        "чайная почка"
                                    ],
                                    "tastes": [
                                        "сладкий",
                                        "вяжущий",
                                        "кисловатый"
                                    ]
                                }
                            ]
                        },
                        {
                            "name": "Белый",
                            "leaf": true,
                            "data": [
                                {
                                    "id": 16,
                                    "name": "Бай Му Дань",
                                    "form": 1,
                                    "flavor": false,
                                    "temp_lo": 80,
                                    "temp_hi": 85,
                                    "prep_time": 90,
                                    "ingridients": [
                                        "чайная почка",
                                        "молодые листья"
                                    ],
                                    "tastes": [
                                        "освежающий",
                                        "фрукты"
                                    ]
                                },
                                {
                                    "id": 17,
                                    "name": "Шоу Мэй Лао Бай Ча",
                                    "form": 3,
                                    "flavor": false,
                                    "temp_lo": 90,
                                    "temp_hi": 90,
                                    "prep_time": 30,
                                    "ingridients": [
                                        "чайная почка",
                                        "молодые листья"
                                    ],
                                    "tastes": [
                                        "яркий",
                                        "ментол"
                                    ]
                                },
                                {
                                    "id": 18,
                                    "name": "Бай Хао Инь Чжень",
                                    "form": 1,
                                    "flavor": false,
                                    "temp_lo": 95,
                                    "temp_hi": 95,
                                    "prep_time": 60,
                                    "ingridients": [
                                        "чайная почка"
                                    ],
                                    "tastes": [
                                        "цветочный",
                                        "фрукты"
                                    ]
                                }
                            ]
                        },
                        {
                            "name": "Улун",
                            "leaf": true,
                            "data": [
                                {
                                    "id": 11,
                                    "name": "Shennun Те Гуань Инь",
                                    "form": 1,
                                    "flavor": false,
                                    "temp_lo": 80,
                                    "temp_hi": 85,
                                    "prep_time": 300,
                                    "ingridients": [
                                        "чай улун"
                                    ],
                                    "tastes": [
                                        "сладковатый",
                                        "цветочный",
                                        "освежающий"
                                    ]
                                },
                                {
                                    "id": 12,
                                    "name": "Ци Лань",
                                    "form": 1,
                                    "flavor": false,
                                    "temp_lo": 80,
                                    "temp_hi": 90,
                                    "prep_time": 15,
                                    "ingridients": [
                                        "чай улун"
                                    ],
                                    "tastes": [
                                        "луговая трава",
                                        "терпкий",
                                        "ментол"
                                    ]
                                },
                                {
                                    "id": 13,
                                    "name": "Гаруда габа",
                                    "form": 1,
                                    "flavor": false,
                                    "temp_lo": 95,
                                    "temp_hi": 95,
                                    "prep_time": 15,
                                    "ingridients": [
                                        "чайные побеги"
                                    ],
                                    "tastes": [
                                        "сладкий",
                                        "пряный",
                                        "кисловатый",
                                        "освежающий"
                                    ]
                                }
                            ]
                        },
                        {
                            "name": "Пуэр",
                            "leaf": true,
                            "data": [
                                {
                                    "id": 14,
                                    "name": "Shennun",
                                    "form": 1,
                                    "flavor": false,
                                    "temp_lo": 85,
                                    "temp_hi": 85,
                                    "prep_time": 240,
                                    "ingridients": [
                                        "чай пуэр"
                                    ],
                                    "tastes": [
                                        "древесный",
                                        "терпкий"
                                    ]
                                },
                                {
                                    "id": 15,
                                    "name": "Пуэр Шу То Ча Саньта",
                                    "form": 3,
                                    "flavor": false,
                                    "temp_lo": 95,
                                    "temp_hi": 95,
                                    "prep_time": 120,
                                    "ingridients": [
                                        "чай пуэр"
                                    ],
                                    "tastes": [
                                        "землистый"
                                    ]
                                }
                            ]
                        }
                    ]
                }
            ]
        }
    ]
}